[{"action":{"requestHeaders":[{"header":"Startpage-Extension","operation":"set","value":"ext-chrome"},{"header":"Startpage-Extension-Version","operation":"set","value":"3.0.2"},{"header":"Startpage-Extension-Segment","operation":"set","value":"startpage.defaultchx"}],"type":"modifyHeaders"},"condition":{"resourceTypes":["main_frame"],"urlFilter":"|http*"},"id":1,"priority":1},{"action":{"requestHeaders":[{"header":"Startpage-Extension","operation":"set","value":"ext-chrome"},{"header":"Startpage-Extension-Version","operation":"set","value":"3.0.2"},{"header":"Startpage-Extension-Segment","operation":"set","value":"startpage.defaultchx"},{"header":"Startpage-Extension-Campaign","operation":"set","value":"none"},{"header":"Startpage-Extension-Date","operation":"set","value":"2000-01-01"},{"header":"Startpage-Extension-Source","operation":"set","value":"organic"}],"type":"modifyHeaders"},"condition":{"resourceTypes":["main_frame"],"urlFilter":"/do/dsearch"},"id":2,"priority":2}]